{
  "mae": 46.3450813293457,
  "rmse": 143.725031799005,
  "r2": -9.855530607189741e+22
}