{
  "mae": 33.004634857177734,
  "rmse": 109.32894566113313,
  "r2": -1.0883442769599907e+22
}